Customer ID,Name,Email,Seva,Darshan Date,Time Slot,Status,Password
TTD100001,Aarav Reddy,aarav1@example.com,Special Entry,2026-10-01,06:00 AM,Confirmed,TTD@100001
TTD100002,Ananya Sharma,ananya2@example.com,Sarva Darshan,2026-10-02,09:00 AM,Confirmed,TTD@100002
TTD100003,Arjun Kumar,arjun3@example.com,Divya Darshan,2026-10-03,11:00 AM,Confirmed,TTD@100003
TTD100004,Diya Das,diya4@example.com,Seva Darshan,2026-10-04,02:00 PM,Pending,TTD@100004
TTD100005,Vivek Naidu,vivek5@example.com,Special Entry,2026-10-05,04:00 PM,Confirmed,TTD@100005
TTD100006,Kavya Rao,kavya6@example.com,Sarva Darshan,2026-10-06,06:00 PM,Confirmed,TTD@100006
TTD100007,Rahul Verma,rahul7@example.com,Divya Darshan,2026-10-07,06:00 AM,Confirmed,TTD@100007
TTD100008,Sneha Iyer,sneha8@example.com,Seva Darshan,2026-10-08,09:00 AM,Pending,TTD@100008
TTD100009,Rohan Patel,rohan9@example.com,Special Entry,2026-10-09,11:00 AM,Confirmed,TTD@100009
TTD100010,Priya Mishra,priya10@example.com,Sarva Darshan,2026-10-10,02:00 PM,Confirmed,TTD@100010
TTD100011,Aditya Reddy,aditya11@example.com,Divya Darshan,2026-10-11,04:00 PM,Confirmed,TTD@100011
TTD100012,Ishita Sharma,ishita12@example.com,Seva Darshan,2026-10-12,06:00 PM,Pending,TTD@100012
TTD100013,Kiran Kumar,kiran13@example.com,Special Entry,2026-10-13,06:00 AM,Confirmed,TTD@100013
TTD100014,Meera Das,meera14@example.com,Sarva Darshan,2026-10-14,09:00 AM,Confirmed,TTD@100014
TTD100015,Sanjay Naidu,sanjay15@example.com,Divya Darshan,2026-10-15,11:00 AM,Confirmed,TTD@100015
TTD100016,Pooja Rao,pooja16@example.com,Seva Darshan,2026-10-16,02:00 PM,Pending,TTD@100016
TTD100017,Varun Verma,varun17@example.com,Special Entry,2026-10-17,04:00 PM,Confirmed,TTD@100017
TTD100018,Nandini Iyer,nandini18@example.com,Sarva Darshan,2026-10-18,06:00 PM,Confirmed,TTD@100018
TTD100019,Harsha Patel,harsha19@example.com,Divya Darshan,2026-10-19,06:00 AM,Confirmed,TTD@100019
TTD100020,Lakshmi Mishra,lakshmi20@example.com,Seva Darshan,2026-10-20,09:00 AM,Pending,TTD@100020
TTD100021,Abhinav Reddy,abhinav21@example.com,Special Entry,2026-10-21,11:00 AM,Confirmed,TTD@100021
TTD100022,Bhavya Sharma,bhavya22@example.com,Sarva Darshan,2026-10-22,02:00 PM,Confirmed,TTD@100022
TTD100023,Chaitanya Kumar,chaitanya23@example.com,Divya Darshan,2026-10-23,04:00 PM,Confirmed,TTD@100023
TTD100024,Deepika Das,deepika24@example.com,Seva Darshan,2026-10-24,06:00 PM,Pending,TTD@100024
TTD100025,Gautham Naidu,gautham25@example.com,Special Entry,2026-10-25,06:00 AM,Confirmed,TTD@100025
TTD100026,Hema Rao,hema26@example.com,Sarva Darshan,2026-10-26,09:00 AM,Confirmed,TTD@100026
TTD100027,Jatin Verma,jatin27@example.com,Divya Darshan,2026-10-27,11:00 AM,Confirmed,TTD@100027
TTD100028,Keerthi Iyer,keerthi28@example.com,Seva Darshan,2026-10-28,02:00 PM,Pending,TTD@100028
TTD100029,Manoj Patel,manoj29@example.com,Special Entry,2026-10-29,04:00 PM,Confirmed,TTD@100029
TTD100030,Navya Mishra,navya30@example.com,Sarva Darshan,2026-10-30,06:00 PM,Confirmed,TTD@100030
TTD100031,Omkar Reddy,omkar31@example.com,Divya Darshan,2026-10-01,06:00 AM,Confirmed,TTD@100031
TTD100032,Pallavi Sharma,pallavi32@example.com,Seva Darshan,2026-10-02,09:00 AM,Pending,TTD@100032
TTD100033,Qadir Kumar,qadir33@example.com,Special Entry,2026-10-03,11:00 AM,Confirmed,TTD@100033
TTD100034,Riya Das,riya34@example.com,Sarva Darshan,2026-10-04,02:00 PM,Confirmed,TTD@100034
TTD100035,Siddharth Naidu,siddharth35@example.com,Divya Darshan,2026-10-05,04:00 PM,Confirmed,TTD@100035
TTD100036,Tanvi Rao,tanvi36@example.com,Seva Darshan,2026-10-06,06:00 PM,Pending,TTD@100036
TTD100037,Uday Verma,uday37@example.com,Special Entry,2026-10-07,06:00 AM,Confirmed,TTD@100037
TTD100038,Vaishnavi Iyer,vaishnavi38@example.com,Sarva Darshan,2026-10-08,09:00 AM,Confirmed,TTD@100038
TTD100039,Yash Patel,yash39@example.com,Divya Darshan,2026-10-09,11:00 AM,Confirmed,TTD@100039
TTD100040,Zoya Mishra,zoya40@example.com,Seva Darshan,2026-10-10,02:00 PM,Pending,TTD@100040
TTD100041,Akash Reddy,akash41@example.com,Special Entry,2026-10-11,04:00 PM,Confirmed,TTD@100041
TTD100042,Bhavana Sharma,bhavana42@example.com,Sarva Darshan,2026-10-12,06:00 PM,Confirmed,TTD@100042
TTD100043,Charan Kumar,charan43@example.com,Divya Darshan,2026-10-13,06:00 AM,Confirmed,TTD@100043
TTD100044,Divya Das,divya44@example.com,Seva Darshan,2026-10-14,09:00 AM,Pending,TTD@100044
TTD100045,Eshan Naidu,eshan45@example.com,Special Entry,2026-10-15,11:00 AM,Confirmed,TTD@100045
TTD100046,Farah Rao,farah46@example.com,Sarva Darshan,2026-10-16,02:00 PM,Confirmed,TTD@100046
TTD100047,Girish Verma,girish47@example.com,Divya Darshan,2026-10-17,04:00 PM,Confirmed,TTD@100047
TTD100048,Harini Iyer,harini48@example.com,Seva Darshan,2026-10-18,06:00 PM,Pending,TTD@100048
TTD100049,Imran Patel,imran49@example.com,Special Entry,2026-10-19,06:00 AM,Confirmed,TTD@100049
TTD100050,Uma Mishra,uma50@example.com,Sarva Darshan,2026-10-20,09:00 AM,Confirmed,TTD@100050
